img_path,table_mask,col_mask,original_height,original_width,hasTable,table_count,col_count,table_bboxes,col_bboxes
./ICDAR/ICDAR2019_cTDaR/training/TRACKB1/ground_truth\cTDaR_t00820.jpg,./ICDAR/ICDAR_Processed\table_mask\cTDaR_t00820.jpg,./ICDAR/ICDAR_Processed\col_mask\cTDaR_t00820.jpg,6160,4897,1,3,3,"[[(288, 791), (1707, 791), (1707, 6144), (288, 6144)], [(1697, 777), (3136, 777), (3136, 6153), (1697, 6153)], [(3146, 774), (4580, 779), (4580, 6155), (3146, 6150)]]","[[[(304, 791), (282, 6094), (329, 6133), (905, 781)], [(947, 859), (958, 6141), (1066, 6141), (1059, 860)], [(1099, 860), (1106, 6141), (1209, 6141), (1205, 861)], [(1246, 782), (1249, 6141), (1688, 6019), (1677, 781)]], [[(1717, 780), (1729, 5916), (1691, 6153), (2345, 777)], [(2385, 777), (2392, 6152), (2494, 6151), (2496, 776)], [(2536, 776), (2534, 6151), (2639, 6151), (2644, 852)], [(2684, 775), (2679, 6151), (3117, 6151), (3126, 775)]], [[(3168, 774), (3164, 4381), (3119, 5444), (3796, 774)], [(3837, 853), (3822, 6151), (3928, 6151), (3947, 853)], [(3987, 853), (3968, 6151), (4077, 6151), (4093, 853)], [(4131, 775), (4117, 6151), (4560, 6153), (4561, 783)]]]"
./ICDAR/ICDAR2019_cTDaR/training/TRACKB1/ground_truth\cTDaR_t00820.jpg,./ICDAR/ICDAR_Processed\table_mask\cTDaR_t00820.jpg,./ICDAR/ICDAR_Processed\col_mask\cTDaR_t00820.jpg,6160,4897,1,3,3,"[[(288, 791), (1707, 791), (1707, 6144), (288, 6144)], [(1697, 777), (3136, 777), (3136, 6153), (1697, 6153)], [(3146, 774), (4580, 779), (4580, 6155), (3146, 6150)]]","[[[(304, 791), (282, 6094), (329, 6133), (905, 781)], [(947, 859), (958, 6141), (1066, 6141), (1059, 860)], [(1099, 860), (1106, 6141), (1209, 6141), (1205, 861)], [(1246, 782), (1249, 6141), (1688, 6019), (1677, 781)]], [[(1717, 780), (1729, 5916), (1691, 6153), (2345, 777)], [(2385, 777), (2392, 6152), (2494, 6151), (2496, 776)], [(2536, 776), (2534, 6151), (2639, 6151), (2644, 852)], [(2684, 775), (2679, 6151), (3117, 6151), (3126, 775)]], [[(3168, 774), (3164, 4381), (3119, 5444), (3796, 774)], [(3837, 853), (3822, 6151), (3928, 6151), (3947, 853)], [(3987, 853), (3968, 6151), (4077, 6151), (4093, 853)], [(4131, 775), (4117, 6151), (4560, 6153), (4561, 783)]]]"
./ICDAR/ICDAR2019_cTDaR/training/TRACKB1/ground_truth\cTDaR_t00820.jpg,./ICDAR/ICDAR_Processed\table_mask\cTDaR_t00820.jpg,./ICDAR/ICDAR_Processed\col_mask\cTDaR_t00820.jpg,6160,4897,1,3,3,"[[(288, 791), (1707, 791), (1707, 6144), (288, 6144)], [(1697, 777), (3136, 777), (3136, 6153), (1697, 6153)], [(3146, 774), (4580, 779), (4580, 6155), (3146, 6150)]]","[[[(304, 791), (282, 6094), (329, 6133), (905, 781)], [(947, 859), (958, 6141), (1066, 6141), (1059, 860)], [(1099, 860), (1106, 6141), (1209, 6141), (1205, 861)], [(1246, 782), (1249, 6141), (1688, 6019), (1677, 781)]], [[(1717, 780), (1729, 5916), (1691, 6153), (2345, 777)], [(2385, 777), (2392, 6152), (2494, 6151), (2496, 776)], [(2536, 776), (2534, 6151), (2639, 6151), (2644, 852)], [(2684, 775), (2679, 6151), (3117, 6151), (3126, 775)]], [[(3168, 774), (3164, 4381), (3119, 5444), (3796, 774)], [(3837, 853), (3822, 6151), (3928, 6151), (3947, 853)], [(3987, 853), (3968, 6151), (4077, 6151), (4093, 853)], [(4131, 775), (4117, 6151), (4560, 6153), (4561, 783)]]]"
./ICDAR/ICDAR2019_cTDaR/training/TRACKB1/ground_truth\cTDaR_t00821.jpg,./ICDAR/ICDAR_Processed\table_mask\cTDaR_t00821.jpg,./ICDAR/ICDAR_Processed\col_mask\cTDaR_t00821.jpg,6160,4897,1,2,2,"[[(236, 904), (2100, 904), (2100, 5853), (236, 5853)], [(2138, 868), (4193, 886), (4164, 5867), (2138, 5867)]]","[[[(240, 912), (268, 5850), (1043, 5850), (1000, 889)], [(1098, 984), (1083, 5850), (1238, 5850), (1252, 983)], [(1292, 983), (1278, 5850), (1426, 5850), (1450, 1045)], [(1492, 886), (1466, 5850), (2087, 5850), (2117, 882)]], [[(2160, 881), (2127, 5850), (2784, 5855), (2822, 880)], [(2861, 977), (2824, 5855), (2980, 5856), (3015, 977)], [(3055, 977), (3021, 5572), (3175, 5572), (3213, 977)], [(3254, 880), (3215, 5860), (4145, 5869), (4172, 886)]]]"
./ICDAR/ICDAR2019_cTDaR/training/TRACKB1/ground_truth\cTDaR_t00822.jpg,./ICDAR/ICDAR_Processed\table_mask\cTDaR_t00822.jpg,./ICDAR/ICDAR_Processed\col_mask\cTDaR_t00822.jpg,6160,4897,1,3,3,"[[(302, 782), (1688, 782), (1688, 6140), (302, 6140)], [(1702, 777), (3118, 777), (3118, 6153), (1702, 6153)], [(3148, 776), (4586, 790), (4612, 6150), (3148, 6150)]]","[[[(313, 786), (270, 6090), (458, 6140), (913, 852)], [(953, 852), (942, 6140), (1051, 6136), (1064, 855)], [(1104, 855), (1091, 6136), (1193, 6136), (1210, 859)], [(1250, 778), (1233, 6136), (1475, 6143), (1682, 779)]], [[(1721, 777), (1711, 5888), (1672, 6154), (2349, 774)], [(2391, 850), (2374, 6153), (2477, 6153), (2497, 850)], [(2537, 850), (2517, 6153), (2622, 6153), (2645, 851)], [(2686, 774), (2662, 6153), (3098, 6153), (3129, 778)]], [[(3168, 776), (3156, 4240), (3105, 5403), (3799, 778)], [(3839, 855), (3805, 6151), (3911, 6151), (3951, 855)], [(3991, 855), (3951, 6151), (4061, 6151), (4098, 857)], [(4135, 778), (4101, 6151), (4569, 6153), (4565, 789)]]]"
./ICDAR/ICDAR2019_cTDaR/training/TRACKB1/ground_truth\cTDaR_t00823.jpg,./ICDAR/ICDAR_Processed\table_mask\cTDaR_t00823.jpg,./ICDAR/ICDAR_Processed\col_mask\cTDaR_t00823.jpg,6160,4897,1,3,3,"[[(258, 787), (1688, 787), (1688, 6150), (258, 6150)], [(1684, 777), (3116, 777), (3116, 6151), (1684, 6151)], [(3129, 776), (4563, 788), (4563, 6166), (3129, 6154)]]","[[[(295, 790), (275, 6098), (335, 6132), (894, 856)], [(934, 856), (938, 6139), (1046, 6137), (1045, 858)], [(1085, 858), (1086, 6137), (1189, 6135), (1189, 861)], [(1230, 782), (1229, 6135), (1668, 6143), (1660, 782)]], [[(1700, 781), (1707, 5943), (1667, 6149), (2331, 776)], [(2371, 852), (2371, 6149), (2472, 6149), (2479, 852)], [(2519, 852), (2512, 6149), (2618, 6149), (2627, 852)], [(2668, 776), (2658, 6149), (3094, 6151), (3109, 778)]], [[(3150, 776), (3145, 4319), (3096, 5757), (3782, 852)], [(3822, 852), (3801, 6151), (3907, 6151), (3933, 852)], [(3973, 852), (3947, 6151), (4056, 6151), (4077, 854)], [(4116, 776), (4096, 6151), (4547, 6153), (4543, 788)]]]"
./ICDAR/ICDAR2019_cTDaR/training/TRACKB1/ground_truth\cTDaR_t00824.jpg,./ICDAR/ICDAR_Processed\table_mask\cTDaR_t00824.jpg,./ICDAR/ICDAR_Processed\col_mask\cTDaR_t00824.jpg,5881,4239,1,2,2,"[[(214, 836), (2101, 836), (2101, 5775), (214, 5775)], [(2114, 806), (4162, 806), (4162, 5771), (2114, 5771)]]","[[[(235, 844), (264, 5770), (1040, 5772), (1037, 916)], [(1077, 916), (1080, 5772), (1235, 5772), (1233, 914)], [(1273, 914), (1275, 5772), (1422, 5772), (1428, 911)], [(1469, 817), (1462, 5772), (2081, 5775), (2093, 808)]], [[(2135, 807), (2120, 5692), (2083, 5775), (2798, 806)], [(2837, 902), (2818, 5775), (2973, 5775), (2992, 902)], [(3032, 902), (3013, 5775), (3165, 5775), (3189, 902)], [(3229, 804), (3205, 5775), (4141, 5776), (4161, 806)]]]"
./ICDAR/ICDAR2019_cTDaR/training/TRACKB1/ground_truth\cTDaR_t00825.jpg,./ICDAR/ICDAR_Processed\table_mask\cTDaR_t00825.jpg,./ICDAR/ICDAR_Processed\col_mask\cTDaR_t00825.jpg,6160,4897,1,3,3,"[[(317, 791), (1707, 789), (1671, 6149), (235, 6085)], [(1711, 790), (3160, 798), (3103, 6153), (1711, 6153)], [(3160, 796), (3395, 801), (3768, 803), (4033, 804), (4250, 809), (4596, 821), (4556, 6150), (3160, 6150)]]","[[[(325, 792), (260, 6091), (345, 6128), (926, 861)], [(966, 861), (924, 6144), (941, 6145), (1075, 863)], [(1115, 863), (1071, 6145), (1173, 6146), (1218, 865)], [(1261, 789), (1213, 6146), (1461, 6147), (1692, 792)]], [[(1731, 790), (1695, 5968), (1653, 6150), (2361, 790)], [(2402, 868), (2358, 6151), (2459, 6151), (2509, 869)], [(2549, 869), (2499, 6151), (2606, 6151), (2657, 870)], [(2698, 792), (2646, 6151), (3083, 6153), (3140, 797)]], [[(3179, 798), (3143, 4654), (3088, 5698), (3812, 802)], [(3852, 880), (3788, 6153), (3896, 6151), (3964, 881)], [(4004, 881), (3936, 6151), (4043, 6151), (4110, 883)], [(4148, 805), (4083, 6151), (4573, 6153), (4576, 821)]]]"
./ICDAR/ICDAR2019_cTDaR/training/TRACKB1/ground_truth\cTDaR_t00826.jpg,./ICDAR/ICDAR_Processed\table_mask\cTDaR_t00826.jpg,./ICDAR/ICDAR_Processed\col_mask\cTDaR_t00826.jpg,5928,4223,1,2,2,"[[(217, 903), (2089, 903), (2089, 5863), (217, 5863)], [(2151, 888), (4207, 910), (4143, 5871), (2088, 5861)]]","[[[(239, 907), (260, 5844), (1027, 5850), (1074, 887)], [(1113, 984), (1067, 5850), (1220, 5851), (1267, 1053)], [(1309, 984), (1260, 5851), (1408, 5852), (1463, 1052)], [(1507, 887), (1448, 5852), (2069, 5859), (2131, 889)]], [[(2173, 889), (2109, 5660), (2069, 5862), (2837, 896)], [(2876, 990), (2806, 5867), (2959, 5868), (3030, 992)], [(3070, 992), (2999, 5868), (3154, 5869), (3227, 995)], [(3269, 899), (3194, 5869), (4195, 5878), (4195, 913)]]]"
./ICDAR/ICDAR2019_cTDaR/training/TRACKB1/ground_truth\cTDaR_t00827.jpg,./ICDAR/ICDAR_Processed\table_mask\cTDaR_t00827.jpg,./ICDAR/ICDAR_Processed\col_mask\cTDaR_t00827.jpg,6160,4897,1,3,3,"[[(281, 795), (1674, 795), (1674, 6149), (281, 6149)], [(1681, 781), (3105, 781), (3105, 6153), (1681, 6153)], [(3121, 775), (4559, 790), (4566, 6161), (3128, 6146)]]","[[[(295, 797), (261, 6111), (607, 6136), (891, 858)], [(931, 858), (924, 6138), (928, 6139), (1041, 859)], [(1081, 859), (1073, 6140), (1176, 6141), (1186, 861)], [(1227, 782), (1216, 6141), (1657, 6150), (1658, 861)]], [[(1700, 781), (1695, 5853), (1654, 6151), (2330, 779)], [(2370, 855), (2359, 6150), (2461, 6150), (2476, 855)], [(2516, 855), (2501, 6150), (2526, 6151), (2625, 856)], [(2665, 779), (2647, 6151), (3083, 6152), (3107, 782)]], [[(3148, 781), (3137, 4386), (3086, 5570), (3780, 781)], [(3821, 858), (3789, 6152), (3898, 6152), (3931, 859)], [(3971, 859), (3938, 6152), (4046, 6152), (4078, 860)], [(4116, 781), (4086, 6152), (4545, 6154), (4481, 791)]]]"
./ICDAR/ICDAR2019_cTDaR/training/TRACKB1/ground_truth\cTDaR_t00841.jpg,./ICDAR/ICDAR_Processed\table_mask\cTDaR_t00841.jpg,./ICDAR/ICDAR_Processed\col_mask\cTDaR_t00841.jpg,8261,5161,1,1,1,"[[(-2, 462), (5160, 462), (5160, 7159), (-2, 7159)]]","[[[(36, 471), (36, 7168), (658, 7169), (603, 469)], [(643, 469), (698, 6816), (658, 7169), (980, 468)], [(1020, 468), (979, 7168), (1167, 7167), (1167, 467)], [(1207, 467), (1207, 7167), (1402, 7166), (1402, 653)], [(1442, 466), (1442, 7166), (1810, 7165), (1722, 465)], [(1762, 465), (1850, 7165), (2035, 7164), (1887, 464)], [(1927, 464), (2075, 7164), (2269, 7163), (2208, 651)], [(2245, 463), (2309, 7163), (2450, 7162), (2390, 462)], [(2430, 462), (2490, 7162), (2686, 7161), (2580, 462)], [(2620, 462), (2726, 7161), (2885, 7160), (2815, 651)], [(2853, 462), (2925, 7160), (3218, 7159), (3144, 462)], [(3184, 462), (3258, 7159), (3453, 7159), (3416, 462)], [(3456, 462), (3493, 7159), (3765, 7159), (3684, 651)], [(3715, 462), (3805, 7159), (3914, 7159), (3852, 462)], [(3892, 462), (3954, 7159), (4110, 7159), (4023, 462)], [(4063, 462), (4150, 7159), (4348, 7159), (4348, 651)], [(4388, 462), (4388, 7159), (4679, 7159), (4655, 464)], [(4695, 464), (4719, 7159), (4836, 7159), (4808, 462)], [(4848, 462), (4876, 7159), (5140, 7159), (5140, 651)]]]"
./ICDAR/ICDAR2019_cTDaR/training/TRACKB1/ground_truth\cTDaR_t00842.jpg,./ICDAR/ICDAR_Processed\table_mask\cTDaR_t00842.jpg,./ICDAR/ICDAR_Processed\col_mask\cTDaR_t00842.jpg,8335,5101,1,1,1,"[[(60, 430), (4981, 480), (4920, 7513), (60, 7506)]]","[[[(84, 438), (40, 7511), (560, 7512), (659, 443)], [(699, 443), (600, 7512), (721, 7512), (831, 664)], [(871, 664), (761, 7512), (925, 7512), (1080, 667)], [(1120, 667), (965, 7512), (1117, 7512), (1277, 671)], [(1317, 671), (1157, 7512), (1335, 7512), (1485, 673)], [(1525, 673), (1375, 7512), (1632, 7512), (1747, 672)], [(1787, 672), (1672, 7512), (1797, 7512), (1898, 672)], [(1938, 672), (1837, 7512), (2039, 7512), (2094, 673)], [(2134, 454), (2079, 7512), (2331, 7512), (2435, 458)], [(2475, 458), (2371, 7512), (2492, 7512), (2583, 459)], [(2623, 459), (2532, 7512), (2770, 7512), (2770, 678)], [(2810, 678), (2810, 7512), (2943, 7512), (3035, 680)], [(3075, 680), (2983, 7512), (3100, 7512), (3194, 684)], [(3234, 684), (3140, 7512), (3290, 7512), (3383, 689)], [(3423, 689), (3330, 7512), (3833, 7512), (3928, 703)], [(3968, 703), (3873, 7512), (3987, 7512), (4080, 708)], [(4120, 708), (4027, 7512), (4183, 7512), (4273, 715)], [(4313, 715), (4223, 7512), (4568, 7512), (4598, 733)], [(4638, 733), (4608, 7512), (4762, 7512), (4836, 755)], [(4876, 755), (4802, 7512), (4899, 7514), (4961, 768)]]]"
./ICDAR/ICDAR2019_cTDaR/training/TRACKB1/ground_truth\cTDaR_t00843.jpg,./ICDAR/ICDAR_Processed\table_mask\cTDaR_t00843.jpg,./ICDAR/ICDAR_Processed\col_mask\cTDaR_t00843.jpg,8261,5161,1,1,1,"[[(52, 495), (5114, 495), (5138, 7073), (52, 7071)]]","[[[(72, 479), (66, 7089), (290, 7086), (242, 477)], [(282, 477), (330, 7086), (481, 7085), (423, 477)], [(463, 477), (521, 7085), (638, 7086), (580, 641)], [(618, 476), (678, 7086), (1095, 7084), (967, 474)], [(1007, 474), (1135, 7084), (1295, 7083), (1184, 473)], [(1224, 473), (1335, 7083), (1475, 7082), (1400, 637)], [(1439, 472), (1515, 7082), (1865, 7082), (1793, 470)], [(1833, 470), (1905, 7082), (2051, 7082), (1986, 469)], [(2026, 469), (2091, 7082), (2248, 7082), (2194, 469)], [(2234, 469), (2288, 7082), (2425, 7081), (2371, 644)], [(2410, 468), (2465, 7081), (2587, 7080), (2542, 467)], [(2582, 467), (2627, 7080), (2727, 7079), (2688, 466)], [(2728, 466), (2767, 7079), (2861, 7079), (2807, 648)], [(2846, 466), (2901, 7079), (3223, 7077), (3157, 465)], [(3197, 465), (3263, 7077), (3398, 7076), (3398, 464)], [(3438, 464), (3438, 7076), (3738, 7075), (3678, 644)], [(3717, 463), (3778, 7075), (4104, 7073), (4040, 462)], [(4080, 462), (4144, 7073), (4269, 7072), (4234, 461)], [(4274, 461), (4309, 7072), (4445, 7071), (4437, 641)], [(4477, 459), (4485, 7071), (4694, 7071), (4626, 459)], [(4666, 459), (4734, 7071), (4853, 7071), (4779, 463)], [(4819, 463), (4893, 7071), (5117, 7071), (5100, 639)]]]"
./ICDAR/ICDAR2019_cTDaR/training/TRACKB1/ground_truth\cTDaR_t00844.jpg,./ICDAR/ICDAR_Processed\table_mask\cTDaR_t00844.jpg,./ICDAR/ICDAR_Processed\col_mask\cTDaR_t00844.jpg,8335,5101,1,1,1,"[[(73, 412), (4955, 410), (4955, 7304), (73, 7306)]]","[[[(93, 444), (93, 6807), (614, 6807), (674, 444)], [(714, 444), (654, 6807), (777, 6579), (832, 629)], [(873, 448), (816, 7238), (771, 7305), (1054, 446)], [(1094, 446), (1094, 7305), (1168, 7302), (1205, 445)], [(1245, 445), (1208, 7302), (1476, 7306), (1476, 635)], [(1513, 440), (1516, 7306), (1788, 7306), (1790, 439)], [(1830, 439), (1828, 7306), (1967, 7306), (1967, 438)], [(2007, 438), (2007, 7306), (2167, 7306), (2167, 621)], [(2206, 438), (2207, 7306), (2385, 7307), (2444, 438)], [(2484, 438), (2426, 7213), (2535, 7307), (2592, 434)], [(2632, 434), (2578, 7186), (2535, 7307), (3053, 621)], [(3096, 443), (3029, 7307), (3143, 7307), (3209, 441)], [(3249, 441), (3183, 7307), (3356, 7307), (3395, 444)], [(3435, 444), (3396, 7307), (3597, 7307), (3597, 631)], [(3637, 448), (3637, 7307), (3873, 7308), (3950, 456)], [(3990, 456), (3912, 7236), (4038, 7307), (4100, 462)], [(4140, 462), (4078, 7206), (4252, 7307), (4286, 653)], [(4332, 471), (4295, 7061), (4252, 7307), (4540, 488)], [(4580, 488), (4577, 7306), (4823, 7306), (4821, 517)], [(4861, 517), (4863, 7306), (4957, 7306), (4933, 713)]]]"
./ICDAR/ICDAR2019_cTDaR/training/TRACKB1/ground_truth\cTDaR_t00845.jpg,./ICDAR/ICDAR_Processed\table_mask\cTDaR_t00845.jpg,./ICDAR/ICDAR_Processed\col_mask\cTDaR_t00845.jpg,8261,5161,1,1,1,"[[(109, 436), (5142, 436), (5142, 7208), (22, 7215)]]","[[[(147, 430), (39, 7202), (238, 7204), (243, 430)], [(283, 430), (278, 7204), (472, 7207), (474, 430)], [(514, 430), (512, 7207), (633, 7207), (618, 634)], [(658, 430), (673, 7207), (971, 7207), (918, 430)], [(958, 430), (1011, 7207), (1255, 7215), (1101, 430)], [(1141, 430), (1295, 7215), (1504, 7212), (1416, 640)], [(1455, 430), (1544, 7212), (1821, 7209), (1740, 430)], [(1780, 430), (1861, 7209), (2026, 7207), (1931, 430)], [(1971, 430), (2066, 7207), (2245, 7205), (2234, 644)], [(2274, 432), (2285, 7205), (2415, 7208), (2407, 432)], [(2447, 432), (2455, 7208), (2569, 7207), (2523, 432)], [(2563, 432), (2609, 7207), (2705, 7206), (2666, 432)], [(2706, 432), (2745, 7206), (2852, 7206), (2842, 644)], [(2882, 432), (2892, 7206), (3192, 7206), (3172, 432)], [(3212, 432), (3232, 7206), (3397, 7207), (3358, 432)], [(3398, 432), (3437, 7207), (3573, 7208), (3515, 432)], [(3555, 432), (3613, 7208), (3734, 7209), (3716, 650)], [(3753, 433), (3774, 7209), (4079, 7212), (4072, 434)], [(4112, 434), (4119, 7212), (4227, 7211), (4325, 434)], [(4365, 434), (4267, 7211), (4465, 7209), (4479, 652)], [(4526, 434), (4505, 7209), (4689, 7208), (4661, 434)], [(4701, 434), (4729, 7208), (4844, 7208), (4822, 435)], [(4862, 435), (4884, 7208), (5122, 7208), (5123, 660)]]]"
./ICDAR/ICDAR2019_cTDaR/training/TRACKB1/ground_truth\cTDaR_t00846.jpg,./ICDAR/ICDAR_Processed\table_mask\cTDaR_t00846.jpg,./ICDAR/ICDAR_Processed\col_mask\cTDaR_t00846.jpg,8335,5101,1,1,1,"[[(40, 476), (2559, 476), (2538, 8249), (19, 8249)]]","[[[(55, 484), (31, 8249), (576, 8251), (601, 484)], [(641, 484), (616, 8251), (739, 7883), (759, 687)], [(799, 484), (779, 8251), (1410, 8249), (1410, 482)], [(1450, 482), (1450, 8249), (1913, 8246), (1913, 479)], [(1953, 479), (1953, 8246), (2204, 8249), (2204, 482)], [(2244, 482), (2244, 8249), (2354, 8249), (2370, 482)], [(2410, 482), (2394, 8249), (2531, 8251), (2548, 484)]]]"
./ICDAR/ICDAR2019_cTDaR/training/TRACKB1/ground_truth\cTDaR_t00851.jpg,./ICDAR/ICDAR_Processed\table_mask\cTDaR_t00851.jpg,./ICDAR/ICDAR_Processed\col_mask\cTDaR_t00851.jpg,5889,4816,1,2,2,"[[(916, 2357), (3453, 2357), (3453, 3681), (916, 3681)], [(908, 4088), (3482, 4088), (3482, 5351), (908, 5351)]]","[[[(936, 2697), (936, 3689), (1440, 3679), (2173, 2697)], [(2213, 2524), (2213, 3676), (2346, 3676), (2507, 2524)], [(2547, 2524), (2547, 3676), (2840, 3678), (2840, 2524)], [(2880, 2524), (2880, 3678), (3022, 3680), (3433, 2524)]], [[(929, 4089), (928, 5351), (1405, 5346), (2171, 4076)], [(2211, 4076), (2214, 5343), (2311, 5342), (2506, 4077)], [(2546, 4077), (2549, 5344), (2841, 5342), (2841, 4077)], [(2881, 4077), (2881, 5342), (3016, 5342), (3430, 4079)]]]"
./ICDAR/ICDAR2019_cTDaR/training/TRACKB1/ground_truth\cTDaR_t00852.jpg,./ICDAR/ICDAR_Processed\table_mask\cTDaR_t00852.jpg,./ICDAR/ICDAR_Processed\col_mask\cTDaR_t00852.jpg,4079,2681,1,4,4,"[[(506, 801), (2212, 801), (2212, 1481), (506, 1481)], [(504, 1576), (2185, 1576), (2185, 2254), (504, 2254)], [(517, 2354), (2199, 2354), (2199, 2984), (517, 2984)], [(506, 3081), (2243, 3081), (2243, 3659), (506, 3659)]]","[[[(528, 801), (527, 1483), (1379, 1482), (1372, 800)], [(1412, 800), (1419, 1482), (1699, 1479), (1697, 803)], [(1737, 803), (1739, 1479), (2176, 1323), (2175, 801)]], [[(524, 1576), (523, 2258), (1379, 2257), (1379, 1576)], [(1419, 1576), (1419, 2257), (1700, 2257), (1700, 1576)], [(1740, 1576), (1740, 2257), (2165, 2102), (2165, 1576)]], [[(534, 2356), (531, 2982), (1382, 2981), (1382, 2354)], [(1422, 2354), (1422, 2981), (1702, 2981), (1702, 2354)], [(1742, 2354), (1742, 2981), (2178, 2826), (2180, 2354)]], [[(528, 3082), (528, 3660), (1383, 3657), (1380, 3079)], [(1420, 3079), (1423, 3657), (1703, 3656), (1701, 3078)], [(1741, 3078), (1743, 3656), (2166, 3500), (2166, 3077)]]]"
./ICDAR/ICDAR2019_cTDaR/training/TRACKB1/ground_truth\cTDaR_t00853.jpg,./ICDAR/ICDAR_Processed\table_mask\cTDaR_t00853.jpg,./ICDAR/ICDAR_Processed\col_mask\cTDaR_t00853.jpg,3507,5520,1,1,1,"[[(209, 735), (5287, 757), (5308, 3351), (219, 3316)]]","[[[(224, 736), (240, 3314), (1361, 3316), (1375, 1221)], [(1422, 743), (1401, 3316), (3465, 3331), (3481, 753)], [(3521, 753), (3505, 3331), (4601, 3337), (5269, 758)]]]"
./ICDAR/ICDAR2019_cTDaR/training/TRACKB1/ground_truth\cTDaR_t00854.jpg,./ICDAR/ICDAR_Processed\table_mask\cTDaR_t00854.jpg,./ICDAR/ICDAR_Processed\col_mask\cTDaR_t00854.jpg,4486,5914,1,1,1,"[[(275, 979), (4968, 981), (4996, 4228), (275, 4228)]]","[[[(297, 1289), (295, 3846), (708, 3842), (743, 1288)], [(783, 1288), (748, 3842), (927, 3840), (963, 1485)], [(1007, 1288), (963, 4255), (1060, 4255), (1096, 1289)], [(1136, 1289), (1100, 4255), (1172, 4254), (1214, 1289)], [(1254, 1289), (1212, 4254), (1298, 4253), (1332, 1290)], [(1372, 1290), (1338, 4253), (1406, 4252), (1446, 1290)], [(1486, 1290), (1446, 4252), (1521, 4251), (1561, 1291)], [(1601, 1291), (1561, 4251), (1643, 4250), (1682, 1291)], [(1722, 1291), (1683, 4250), (1771, 4249), (1796, 1292)], [(1836, 1292), (1811, 4249), (1875, 4249), (1913, 1291)], [(1953, 1291), (1915, 4249), (2000, 4248), (2039, 1290)], [(2079, 1290), (2040, 4248), (2121, 4247), (2153, 1289)], [(2193, 1289), (2161, 4247), (2240, 4246), (2276, 1288)], [(2316, 1288), (2280, 4246), (2350, 4245), (2395, 1288)], [(2435, 1288), (2390, 4245), (2479, 4244), (2517, 1288)], [(2557, 1288), (2519, 4244), (2604, 4243), (2643, 1479)], [(2685, 1288), (2644, 4243), (2710, 4242), (2753, 1288)], [(2793, 1288), (2750, 4242), (2818, 4241), (2861, 1288)], [(2901, 1288), (2858, 4241), (2933, 4240), (2958, 1288)], [(2998, 1288), (2973, 4240), (3036, 4239), (3062, 1288)], [(3102, 1288), (3076, 4239), (3144, 4238), (3167, 1288)], [(3207, 1288), (3184, 4238), (3267, 4237), (3304, 1478)], [(3345, 1288), (3307, 4237), (3380, 4236), (3419, 1288)], [(3459, 1288), (3420, 4236), (3492, 4235), (3533, 1288)], [(3573, 1288), (3532, 4235), (3621, 4234), (3642, 1288)], [(3682, 1288), (3661, 4234), (3742, 4233), (3769, 1288)], [(3809, 1288), (3782, 4233), (3861, 4232), (3887, 1472)], [(3926, 1288), (3901, 4232), (3986, 4231), (4008, 1288)], [(4048, 1288), (4026, 4231), (4111, 4230), (4128, 1288)], [(4168, 1288), (4151, 4230), (4225, 4229), (4244, 1288)], [(4265, 3812), (4265, 4229), (4410, 4229), (4407, 3812)], [(4447, 3812), (4450, 4229), (4973, 4085), (4972, 3939)]]]"
./ICDAR/ICDAR2019_cTDaR/training/TRACKB1/ground_truth\cTDaR_t00855.jpg,./ICDAR/ICDAR_Processed\table_mask\cTDaR_t00855.jpg,./ICDAR/ICDAR_Processed\col_mask\cTDaR_t00855.jpg,8815,4986,1,2,2,"[[(878, 1493), (4659, 1478), (4689, 3346), (878, 3346)], [(932, 5648), (4704, 5648), (4704, 7991), (932, 7991)]]","[[[(903, 1502), (904, 3364), (1747, 3359), (1746, 1491)], [(1786, 1491), (1787, 3359), (2385, 3355), (2389, 1486)], [(2429, 1486), (2425, 3355), (3073, 3351), (2830, 1487)], [(3113, 1933), (3113, 3351), (3933, 3347), (3933, 1928)], [(3973, 1928), (3973, 3347), (4665, 3344), (4644, 1925)]], [[(956, 5648), (953, 7999), (1678, 7989), (1678, 5642)], [(1718, 5642), (1718, 7989), (2416, 7980), (2416, 5637)], [(2456, 5637), (2456, 7980), (3269, 7758), (3269, 5631)], [(3309, 5631), (3309, 7970), (4074, 7960), (4074, 5626)], [(4114, 5626), (4114, 7960), (4681, 7954), (4731, 6071)]]]"
./ICDAR/ICDAR2019_cTDaR/training/TRACKB1/ground_truth\cTDaR_t00856.jpg,./ICDAR/ICDAR_Processed\table_mask\cTDaR_t00856.jpg,./ICDAR/ICDAR_Processed\col_mask\cTDaR_t00856.jpg,5949,4066,1,1,1,"[[(1141, 1015), (3731, 1015), (3731, 3627), (1141, 3627)]]","[[[(1161, 1458), (1168, 3641), (1846, 3635), (1834, 1456)], [(1871, 1310), (1886, 3635), (2007, 3633), (1999, 1309)], [(2039, 1309), (2047, 3633), (2129, 3632), (2122, 1455)], [(2161, 1307), (2169, 3632), (2252, 3631), (2245, 1305)], [(2285, 1305), (2292, 3631), (2392, 3630), (2392, 1304)], [(2432, 1304), (2432, 3630), (2503, 3629), (2499, 1303)], [(2539, 1303), (2543, 3629), (2626, 3628), (2621, 1303)], [(2661, 1303), (2666, 3628), (2795, 3627), (2788, 1302)], [(2828, 1302), (2835, 3627), (2898, 3626), (2902, 1451)], [(2942, 1301), (2938, 3626), (3025, 3625), (3020, 1300)], [(3062, 1450), (3065, 3625), (3703, 3622), (3710, 1445)]]]"
./ICDAR/ICDAR2019_cTDaR/training/TRACKB1/ground_truth\cTDaR_t00857.jpg,./ICDAR/ICDAR_Processed\table_mask\cTDaR_t00857.jpg,./ICDAR/ICDAR_Processed\col_mask\cTDaR_t00857.jpg,6035,4411,1,1,1,"[[(964, 967), (3613, 990), (3567, 5347), (868, 5321)]]","[[[(972, 1437), (889, 5324), (1484, 5321), (1954, 1445)], [(1990, 974), (1944, 5324), (2183, 5327), (2226, 976)], [(2266, 976), (2223, 5327), (2341, 5329), (2503, 1126)], [(2543, 978), (2498, 5330), (2731, 5334), (2775, 980)], [(2815, 980), (2771, 5334), (2907, 5337), (3054, 1132)], [(3094, 983), (3043, 5338), (3277, 5343), (3326, 986)], [(3366, 986), (3317, 5343), (3545, 5349), (3590, 1139)]]]"
./ICDAR/ICDAR2019_cTDaR/training/TRACKB1/ground_truth\cTDaR_t00860.jpg,./ICDAR/ICDAR_Processed\table_mask\cTDaR_t00860.jpg,./ICDAR/ICDAR_Processed\col_mask\cTDaR_t00860.jpg,3830,2480,1,1,1,"[[(118, 533), (2383, 533), (2383, 3758), (118, 3758)]]","[[[(152, 530), (136, 3782), (345, 3781), (358, 532)], [(398, 532), (385, 3781), (458, 3780), (472, 533)], [(512, 533), (498, 3780), (1855, 3777), (1865, 546)], [(1905, 546), (1895, 3777), (1991, 3776), (2002, 547)], [(2042, 547), (2031, 3776), (2257, 3776), (2269, 549)], [(2309, 549), (2297, 3776), (2366, 3776), (2379, 551)]]]"
./ICDAR/ICDAR2019_cTDaR/training/TRACKB1/ground_truth\cTDaR_t00861.jpg,./ICDAR/ICDAR_Processed\table_mask\cTDaR_t00861.jpg,./ICDAR/ICDAR_Processed\col_mask\cTDaR_t00861.jpg,3830,2480,1,1,1,"[[(96, 533), (2358, 533), (2358, 3770), (96, 3770)]]","[[[(118, 537), (120, 3764), (310, 3770), (324, 538)], [(364, 538), (350, 3770), (424, 3770), (434, 538)], [(474, 538), (464, 3770), (1821, 3770), (1827, 548)], [(1867, 548), (1861, 3770), (1955, 3770), (1961, 549)], [(2001, 549), (1995, 3770), (2224, 3770), (2226, 551)], [(2266, 551), (2264, 3770), (2336, 3771), (2341, 552)]]]"
./ICDAR/ICDAR2019_cTDaR/training/TRACKB1/ground_truth\cTDaR_t00862.jpg,./ICDAR/ICDAR_Processed\table_mask\cTDaR_t00862.jpg,./ICDAR/ICDAR_Processed\col_mask\cTDaR_t00862.jpg,3830,2480,1,1,1,"[[(122, 527), (2382, 527), (2382, 3779), (122, 3779)]]","[[[(146, 531), (143, 3778), (339, 3778), (352, 532)], [(392, 532), (379, 3778), (451, 3778), (466, 532)], [(506, 532), (491, 3778), (1852, 3778), (1862, 544)], [(1902, 544), (1892, 3778), (1987, 3778), (1998, 545)], [(2038, 545), (2027, 3778), (2253, 3778), (2267, 547)], [(2307, 547), (2293, 3778), (2362, 3778), (2378, 549)]]]"
./ICDAR/ICDAR2019_cTDaR/training/TRACKB1/ground_truth\cTDaR_t00863.jpg,./ICDAR/ICDAR_Processed\table_mask\cTDaR_t00863.jpg,./ICDAR/ICDAR_Processed\col_mask\cTDaR_t00863.jpg,3830,2480,1,1,1,"[[(110, 532), (2362, 532), (2362, 3769), (110, 3769)]]","[[[(129, 531), (128, 3765), (315, 3765), (324, 532)], [(364, 532), (355, 3765), (430, 3765), (439, 532)], [(479, 532), (470, 3765), (1377, 3766), (1377, 540)], [(1417, 540), (1417, 3766), (1826, 3767), (1828, 544)], [(1868, 544), (1866, 3767), (1961, 3767), (1963, 545)], [(2003, 545), (2001, 3767), (2227, 3768), (2230, 547)], [(2270, 547), (2267, 3768), (2341, 3769), (2344, 549)]]]"
./ICDAR/ICDAR2019_cTDaR/training/TRACKB1/ground_truth\cTDaR_t00864.jpg,./ICDAR/ICDAR_Processed\table_mask\cTDaR_t00864.jpg,./ICDAR/ICDAR_Processed\col_mask\cTDaR_t00864.jpg,3830,2480,1,1,1,"[[(118, 531), (2382, 531), (2382, 3780), (118, 3780)]]","[[[(141, 534), (138, 3784), (335, 3783), (350, 535)], [(390, 535), (375, 3783), (449, 3782), (460, 535)], [(500, 535), (489, 3782), (1849, 3780), (1854, 545)], [(1894, 545), (1889, 3780), (1986, 3780), (1993, 546)], [(2033, 546), (2026, 3780), (2252, 3780), (2261, 548)], [(2301, 548), (2292, 3780), (2360, 3780), (2372, 550)]]]"
./ICDAR/ICDAR2019_cTDaR/training/TRACKB1/ground_truth\cTDaR_t00865.jpg,./ICDAR/ICDAR_Processed\table_mask\cTDaR_t00865.jpg,./ICDAR/ICDAR_Processed\col_mask\cTDaR_t00865.jpg,3830,2480,1,1,1,"[[(105, 536), (2351, 536), (2351, 3776), (105, 3776)]]","[[[(124, 536), (131, 3763), (315, 3769), (329, 536)], [(369, 536), (355, 3769), (430, 3769), (442, 536)], [(482, 536), (470, 3769), (841, 3772), (1412, 542)], [(1452, 542), (1452, 3772), (1828, 3772), (1832, 714)], [(1872, 546), (1868, 3772), (1970, 3772), (1975, 547)], [(2015, 547), (2010, 3772), (2231, 3772), (2235, 549)], [(2275, 549), (2271, 3772), (2343, 3773), (2347, 550)]]]"
./ICDAR/ICDAR2019_cTDaR/training/TRACKB1/ground_truth\cTDaR_t00866.jpg,./ICDAR/ICDAR_Processed\table_mask\cTDaR_t00866.jpg,./ICDAR/ICDAR_Processed\col_mask\cTDaR_t00866.jpg,3830,2480,1,1,1,"[[(118, 532), (2383, 532), (2383, 3777), (118, 3777)]]","[[[(141, 533), (137, 3787), (335, 3785), (349, 535)], [(389, 535), (375, 3785), (447, 3785), (461, 536)], [(501, 536), (487, 3785), (1849, 3784), (1857, 544)], [(1897, 544), (1889, 3784), (1992, 3785), (2001, 545)], [(2041, 545), (2034, 3784), (2058, 3783), (2058, 545)], [(2098, 545), (2098, 3783), (2251, 3485), (2262, 718)], [(2302, 546), (2290, 3781), (2361, 3780), (2375, 547)]]]"
./ICDAR/ICDAR2019_cTDaR/training/TRACKB1/ground_truth\cTDaR_t00867.jpg,./ICDAR/ICDAR_Processed\table_mask\cTDaR_t00867.jpg,./ICDAR/ICDAR_Processed\col_mask\cTDaR_t00867.jpg,3830,2480,1,1,1,"[[(104, 533), (2365, 533), (2365, 3770), (104, 3770)]]","[[[(123, 536), (122, 3765), (317, 3771), (334, 537)], [(374, 537), (357, 3771), (429, 3771), (447, 537)], [(487, 537), (469, 3771), (1826, 3773), (1836, 549)], [(1876, 549), (1866, 3773), (1971, 3773), (1977, 550)], [(2017, 550), (2011, 3773), (2230, 3773), (2237, 552)], [(2277, 552), (2270, 3773), (2345, 3774), (2350, 554)]]]"
./ICDAR/ICDAR2019_cTDaR/training/TRACKB1/ground_truth\cTDaR_t00868.jpg,./ICDAR/ICDAR_Processed\table_mask\cTDaR_t00868.jpg,./ICDAR/ICDAR_Processed\col_mask\cTDaR_t00868.jpg,3830,2480,1,1,1,"[[(115, 531), (2381, 531), (2381, 3780), (115, 3780)]]","[[[(137, 534), (134, 3786), (332, 3785), (343, 536)], [(383, 536), (372, 3785), (447, 3785), (458, 537)], [(498, 721), (487, 3785), (1640, 3785), (1640, 721)], [(1680, 721), (1680, 3304), (1813, 3304), (1813, 721)], [(1853, 721), (1853, 3304), (1848, 3220), (1853, 814)], [(1893, 545), (1886, 3785), (1989, 3786), (1997, 545)], [(2037, 545), (2031, 3785), (2249, 3783), (2257, 547)], [(2297, 547), (2291, 3782), (2361, 3781), (2371, 548)]]]"
./ICDAR/ICDAR2019_cTDaR/training/TRACKB1/ground_truth\cTDaR_t00869.jpg,./ICDAR/ICDAR_Processed\table_mask\cTDaR_t00869.jpg,./ICDAR/ICDAR_Processed\col_mask\cTDaR_t00869.jpg,3830,2480,1,1,1,"[[(110, 534), (2373, 534), (2373, 3775), (110, 3775)]]","[[[(130, 534), (131, 3765), (325, 3770), (335, 534)], [(375, 534), (365, 3770), (439, 3772), (450, 534)], [(490, 534), (480, 3772), (1463, 3775), (1840, 543)], [(1880, 543), (1878, 3775), (1980, 3775), (1983, 544)], [(2023, 544), (2020, 3775), (2239, 3775), (2242, 546)], [(2282, 546), (2279, 3775), (2354, 3776), (2356, 548)]]]"
./ICDAR/ICDAR2019_cTDaR/training/TRACKB1/ground_truth\cTDaR_t00870.jpg,./ICDAR/ICDAR_Processed\table_mask\cTDaR_t00870.jpg,./ICDAR/ICDAR_Processed\col_mask\cTDaR_t00870.jpg,3830,2480,1,1,1,"[[(98, 532), (2371, 532), (2371, 3783), (98, 3783)]]","[[[(130, 534), (132, 3784), (322, 3783), (335, 535)], [(375, 535), (362, 3783), (435, 3783), (450, 535)], [(490, 535), (475, 3783), (1835, 3783), (1845, 545)], [(1885, 545), (1875, 3783), (1979, 3783), (1989, 546)], [(2029, 546), (2019, 3783), (2239, 3783), (2252, 548)], [(2292, 548), (2279, 3783), (2349, 3783), (2363, 549)]]]"
./ICDAR/ICDAR2019_cTDaR/training/TRACKB1/ground_truth\cTDaR_t00871.jpg,./ICDAR/ICDAR_Processed\table_mask\cTDaR_t00871.jpg,./ICDAR/ICDAR_Processed\col_mask\cTDaR_t00871.jpg,3830,2480,1,1,1,"[[(88, 535), (2334, 535), (2334, 3774), (88, 3774)]]","[[[(108, 537), (111, 3763), (292, 3767), (315, 539)], [(355, 539), (332, 3767), (404, 3769), (428, 540)], [(468, 540), (444, 3769), (628, 3774), (1818, 552)], [(1858, 552), (1838, 3774), (1941, 3774), (1960, 553)], [(2000, 553), (1981, 3774), (2201, 3774), (2219, 555)], [(2259, 555), (2241, 3774), (2313, 3774), (2333, 557)]]]"
./ICDAR/ICDAR2019_cTDaR/training/TRACKB1/ground_truth\cTDaR_t00872.jpg,./ICDAR/ICDAR_Processed\table_mask\cTDaR_t00872.jpg,./ICDAR/ICDAR_Processed\col_mask\cTDaR_t00872.jpg,3830,2480,1,1,1,"[[(132, 543), (2408, 543), (2408, 3779), (132, 3779)]]","[[[(399, 543), (404, 3779), (476, 3779), (473, 543)], [(513, 543), (516, 3779), (1874, 3779), (1867, 543)], [(1907, 543), (1914, 3779), (2018, 3779), (2011, 543)], [(2051, 543), (2058, 3779), (2277, 3779), (2273, 543)], [(2313, 543), (2317, 3779), (2388, 3779), (2388, 543)]]]"
./ICDAR/ICDAR2019_cTDaR/training/TRACKB1/ground_truth\cTDaR_t00873.jpg,./ICDAR/ICDAR_Processed\table_mask\cTDaR_t00873.jpg,./ICDAR/ICDAR_Processed\col_mask\cTDaR_t00873.jpg,3830,2480,1,1,1,"[[(90, 534), (2341, 534), (2341, 3774), (90, 3774)]]","[[[(110, 535), (111, 3763), (297, 3768), (315, 537)], [(355, 537), (337, 3768), (411, 3771), (429, 538)], [(469, 538), (451, 3771), (1129, 3775), (1820, 548)], [(1860, 548), (1844, 3774), (1947, 3774), (1962, 549)], [(2002, 549), (1987, 3774), (2206, 3774), (2222, 553)], [(2262, 553), (2246, 3774), (2322, 3774), (2334, 555)]]]"
./ICDAR/ICDAR2019_cTDaR/training/TRACKB1/ground_truth\cTDaR_t00874.jpg,./ICDAR/ICDAR_Processed\table_mask\cTDaR_t00874.jpg,./ICDAR/ICDAR_Processed\col_mask\cTDaR_t00874.jpg,3830,2480,1,1,1,"[[(129, 533), (2406, 533), (2406, 3782), (129, 3782)]]","[[[(154, 540), (154, 3785), (359, 3784), (359, 540)], [(399, 540), (399, 3784), (473, 3783), (475, 540)], [(515, 540), (513, 3783), (1870, 3781), (1869, 545)], [(1909, 545), (1910, 3781), (2013, 3781), (2013, 545)], [(2053, 545), (2053, 3781), (2273, 3781), (2274, 547)], [(2314, 547), (2313, 3781), (2384, 3781), (2387, 548)]]]"
./ICDAR/ICDAR2019_cTDaR/training/TRACKB1/ground_truth\cTDaR_t00875.jpg,./ICDAR/ICDAR_Processed\table_mask\cTDaR_t00875.jpg,./ICDAR/ICDAR_Processed\col_mask\cTDaR_t00875.jpg,3830,2480,1,1,1,"[[(89, 534), (2340, 534), (2340, 3778), (89, 3778)]]","[[[(111, 536), (113, 3763), (294, 3767), (317, 539)], [(357, 539), (334, 3767), (353, 3769), (431, 539)], [(470, 715), (448, 3769), (614, 3773), (1692, 715)], [(1732, 715), (1732, 3777), (1803, 3778), (1819, 801)], [(1860, 547), (1843, 3778), (1900, 3778), (1900, 547)], [(1940, 547), (1940, 3778), (1947, 3384), (1963, 715)], [(2003, 548), (1987, 3778), (2208, 3780), (2221, 552)], [(2261, 552), (2248, 3780), (2322, 3781), (2335, 554)]]]"
./ICDAR/ICDAR2019_cTDaR/training/TRACKB1/ground_truth\cTDaR_t00876.jpg,./ICDAR/ICDAR_Processed\table_mask\cTDaR_t00876.jpg,./ICDAR/ICDAR_Processed\col_mask\cTDaR_t00876.jpg,3830,2480,1,1,1,"[[(137, 535), (2413, 535), (2413, 3783), (137, 3783)]]","[[[(155, 544), (160, 3787), (366, 3786), (362, 544)], [(402, 544), (406, 3786), (477, 3785), (475, 544)], [(515, 544), (517, 3785), (1875, 3783), (1869, 550)], [(1909, 550), (1915, 3783), (2018, 3783), (2014, 550)], [(2054, 550), (2058, 3783), (2091, 3783), (2091, 550)], [(2131, 550), (2131, 3783), (2278, 3491), (2277, 714)], [(2315, 552), (2319, 3783), (2389, 3783), (2388, 553)]]]"
./ICDAR/ICDAR2019_cTDaR/training/TRACKB1/ground_truth\cTDaR_t00877.jpg,./ICDAR/ICDAR_Processed\table_mask\cTDaR_t00877.jpg,./ICDAR/ICDAR_Processed\col_mask\cTDaR_t00877.jpg,3830,2480,1,1,1,"[[(89, 535), (2337, 535), (2337, 3779), (89, 3779)]]","[[[(110, 538), (112, 3764), (292, 3768), (314, 539)], [(354, 539), (332, 3768), (360, 3770), (426, 539)], [(466, 539), (445, 3770), (927, 3775), (1816, 550)], [(1856, 550), (1840, 3778), (1943, 3778), (1959, 551)], [(1999, 551), (1983, 3778), (2203, 3780), (2217, 553)], [(2257, 553), (2243, 3780), (2316, 3781), (2333, 555)]]]"
./ICDAR/ICDAR2019_cTDaR/training/TRACKB1/ground_truth\cTDaR_t00878.jpg,./ICDAR/ICDAR_Processed\table_mask\cTDaR_t00878.jpg,./ICDAR/ICDAR_Processed\col_mask\cTDaR_t00878.jpg,3830,2480,1,1,1,"[[(136, 547), (2416, 547), (2416, 3786), (136, 3786)]]","[[[(155, 544), (156, 3791), (369, 3790), (362, 544)], [(402, 544), (409, 3790), (481, 3789), (476, 544)], [(516, 544), (521, 3789), (1757, 3785), (1757, 547)], [(1797, 547), (1797, 3785), (1880, 3785), (1872, 717)], [(1913, 548), (1920, 3785), (2023, 3784), (2016, 548)], [(2056, 548), (2063, 3784), (2283, 3784), (2277, 549)], [(2317, 549), (2323, 3784), (2393, 3784), (2393, 550)]]]"
./ICDAR/ICDAR2019_cTDaR/training/TRACKB1/ground_truth\cTDaR_t00879.jpg,./ICDAR/ICDAR_Processed\table_mask\cTDaR_t00879.jpg,./ICDAR/ICDAR_Processed\col_mask\cTDaR_t00879.jpg,3830,2480,1,1,1,"[[(88, 538), (2337, 538), (2337, 3778), (88, 3778)]]","[[[(113, 540), (118, 3760), (292, 3766), (317, 540)], [(357, 540), (332, 3766), (401, 3769), (429, 540)], [(469, 540), (441, 3769), (577, 3774), (1819, 549)], [(1859, 549), (1840, 3778), (1942, 3778), (1962, 550)], [(2002, 550), (1982, 3778), (2202, 3780), (2222, 552)], [(2262, 552), (2242, 3780), (2316, 3781), (2335, 553)]]]"
./ICDAR/ICDAR2019_cTDaR/training/TRACKB1/ground_truth\cTDaR_t00880.jpg,./ICDAR/ICDAR_Processed\table_mask\cTDaR_t00880.jpg,./ICDAR/ICDAR_Processed\col_mask\cTDaR_t00880.jpg,3830,2480,1,1,1,"[[(135, 538), (2417, 538), (2417, 3771), (135, 3771)]]","[[[(160, 543), (157, 3789), (372, 3787), (366, 544)], [(406, 544), (412, 3787), (486, 3786), (482, 544)], [(522, 711), (526, 3786), (1767, 3780), (1767, 711)], [(1807, 711), (1807, 3780), (1884, 3780), (1879, 804)], [(1918, 547), (1924, 3780), (2027, 3779), (2020, 547)], [(2060, 547), (2067, 3779), (2285, 3779), (2284, 547)], [(2324, 547), (2325, 3779), (2398, 3780), (2395, 548)]]]"
./ICDAR/ICDAR2019_cTDaR/training/TRACKB1/ground_truth\cTDaR_t00881.jpg,./ICDAR/ICDAR_Processed\table_mask\cTDaR_t00881.jpg,./ICDAR/ICDAR_Processed\col_mask\cTDaR_t00881.jpg,3830,2480,1,1,1,"[[(95, 537), (2331, 537), (2331, 3777), (95, 3777)]]","[[[(109, 539), (115, 3761), (292, 3765), (314, 539)], [(354, 539), (332, 3765), (406, 3767), (428, 539)], [(468, 539), (446, 3767), (591, 3772), (1818, 545)], [(1858, 545), (1840, 3776), (1945, 3777), (1962, 545)], [(2002, 545), (1985, 3777), (2204, 3778), (2223, 547)], [(2263, 547), (2244, 3778), (2319, 3779), (2338, 548)]]]"
./ICDAR/ICDAR2019_cTDaR/training/TRACKB1/ground_truth\cTDaR_t00882.jpg,./ICDAR/ICDAR_Processed\table_mask\cTDaR_t00882.jpg,./ICDAR/ICDAR_Processed\col_mask\cTDaR_t00882.jpg,3830,2480,1,1,1,"[[(134, 535), (2401, 535), (2401, 3775), (134, 3775)]]","[[[(154, 533), (153, 3780), (358, 3779), (363, 534)], [(403, 534), (398, 3779), (469, 3778), (477, 534)], [(517, 534), (509, 3778), (1866, 3775), (1873, 544)], [(1913, 544), (1906, 3775), (2011, 3775), (2015, 545)], [(2055, 545), (2051, 3775), (2271, 3775), (2278, 547)], [(2318, 547), (2311, 3775), (2381, 3775), (2392, 549)]]]"
./ICDAR/ICDAR2019_cTDaR/training/TRACKB1/ground_truth\cTDaR_t00883.jpg,./ICDAR/ICDAR_Processed\table_mask\cTDaR_t00883.jpg,./ICDAR/ICDAR_Processed\col_mask\cTDaR_t00883.jpg,3830,2480,1,1,1,"[[(134, 536), (2340, 536), (2340, 3777), (134, 3777)]]","[[[(154, 536), (156, 3763), (288, 3765), (318, 538)], [(358, 538), (328, 3765), (401, 3767), (433, 539)], [(473, 539), (441, 3767), (900, 3771), (1820, 554)], [(1860, 554), (1841, 3774), (1944, 3775), (1963, 555)], [(2003, 555), (1984, 3775), (2205, 3777), (2223, 558)], [(2263, 558), (2245, 3777), (2319, 3779), (2338, 560)]]]"
./ICDAR/ICDAR2019_cTDaR/training/TRACKB1/ground_truth\cTDaR_t00884.jpg,./ICDAR/ICDAR_Processed\table_mask\cTDaR_t00884.jpg,./ICDAR/ICDAR_Processed\col_mask\cTDaR_t00884.jpg,3830,2480,1,1,1,"[[(143, 538), (2410, 538), (2410, 3775), (143, 3775)]]","[[[(165, 540), (163, 3779), (366, 3778), (370, 541)], [(410, 541), (406, 3778), (478, 3777), (484, 541)], [(524, 541), (518, 3777), (1876, 3781), (1878, 549)], [(1918, 549), (1916, 3781), (2019, 3779), (2022, 549)], [(2062, 549), (2059, 3779), (2278, 3776), (2282, 551)], [(2322, 551), (2318, 3776), (2390, 3776), (2396, 552)]]]"
./ICDAR/ICDAR2019_cTDaR/training/TRACKB1/ground_truth\cTDaR_t00885.jpg,./ICDAR/ICDAR_Processed\table_mask\cTDaR_t00885.jpg,./ICDAR/ICDAR_Processed\col_mask\cTDaR_t00885.jpg,3830,2480,1,1,1,"[[(97, 542), (2337, 542), (2337, 3782), (97, 3782)]]","[[[(117, 542), (118, 3767), (289, 3770), (325, 545)], [(365, 545), (329, 3770), (403, 3771), (438, 546)], [(478, 546), (443, 3771), (700, 3776), (1828, 566)], [(1868, 566), (1839, 3781), (1943, 3781), (1968, 568)], [(2008, 568), (1983, 3781), (2204, 3783), (2226, 572)], [(2266, 572), (2244, 3783), (2318, 3784), (2340, 574)]]]"
./ICDAR/ICDAR2019_cTDaR/training/TRACKB1/ground_truth\cTDaR_t00886.jpg,./ICDAR/ICDAR_Processed\table_mask\cTDaR_t00886.jpg,./ICDAR/ICDAR_Processed\col_mask\cTDaR_t00886.jpg,3830,2480,1,1,1,"[[(131, 541), (2410, 541), (2410, 3779), (131, 3779)]]","[[[(158, 540), (152, 3781), (366, 3780), (363, 540)], [(403, 540), (406, 3780), (478, 3780), (477, 540)], [(517, 540), (518, 3780), (1876, 3780), (1872, 541)], [(1912, 541), (1916, 3780), (2022, 3780), (2016, 541)], [(2056, 541), (2062, 3780), (2278, 3780), (2276, 541)], [(2316, 541), (2318, 3780), (2390, 3780), (2391, 542)]]]"
./ICDAR/ICDAR2019_cTDaR/training/TRACKB1/ground_truth\cTDaR_t00887.jpg,./ICDAR/ICDAR_Processed\table_mask\cTDaR_t00887.jpg,./ICDAR/ICDAR_Processed\col_mask\cTDaR_t00887.jpg,3830,2480,1,1,1,"[[(119, 534), (2366, 562), (2350, 3783), (119, 3769)]]","[[[(139, 534), (139, 3770), (302, 3771), (330, 536)], [(370, 536), (342, 3771), (416, 3771), (443, 537)], [(483, 537), (456, 3771), (1811, 3781), (1829, 555)], [(1869, 555), (1851, 3781), (1954, 3782), (1972, 556)], [(2012, 556), (1994, 3782), (2215, 3784), (2231, 560)], [(2271, 560), (2255, 3784), (2331, 3785), (2346, 562)]]]"
./ICDAR/ICDAR2019_cTDaR/training/TRACKB1/ground_truth\cTDaR_t00888.jpg,./ICDAR/ICDAR_Processed\table_mask\cTDaR_t00888.jpg,./ICDAR/ICDAR_Processed\col_mask\cTDaR_t00888.jpg,3830,2480,1,1,1,"[[(133, 537), (2408, 546), (2399, 3782), (133, 3782)]]","[[[(153, 537), (153, 3782), (353, 3782), (361, 537)], [(401, 537), (393, 3782), (466, 3782), (473, 537)], [(513, 537), (506, 3782), (1865, 3783), (1868, 542)], [(1908, 542), (1905, 3783), (1956, 3784), (2014, 542)], [(2054, 542), (2048, 3783), (2267, 3782), (2275, 544)], [(2315, 544), (2307, 3782), (2377, 3782), (2388, 545)]]]"
./ICDAR/ICDAR2019_cTDaR/training/TRACKB1/ground_truth\cTDaR_t00889.jpg,./ICDAR/ICDAR_Processed\table_mask\cTDaR_t00889.jpg,./ICDAR/ICDAR_Processed\col_mask\cTDaR_t00889.jpg,3830,2480,1,1,1,"[[(107, 538), (2370, 570), (2351, 3784), (107, 3767)]]","[[[(127, 538), (127, 3766), (303, 3770), (334, 541)], [(374, 541), (343, 3770), (415, 3772), (448, 542)], [(488, 542), (455, 3772), (759, 3776), (1834, 563)], [(1874, 563), (1853, 3782), (1956, 3783), (1976, 565)], [(2016, 565), (1996, 3783), (2216, 3785), (2236, 569)], [(2276, 569), (2256, 3785), (2331, 3786), (2350, 571)]]]"
./ICDAR/ICDAR2019_cTDaR/training/TRACKB1/ground_truth\cTDaR_t00890.jpg,./ICDAR/ICDAR_Processed\table_mask\cTDaR_t00890.jpg,./ICDAR/ICDAR_Processed\col_mask\cTDaR_t00890.jpg,3830,2480,1,1,1,"[[(131, 541), (2403, 541), (2403, 3783), (131, 3783)]]","[[[(152, 544), (152, 3781), (354, 3781), (357, 545)], [(397, 545), (394, 3781), (468, 3781), (472, 546)], [(512, 546), (508, 3781), (1864, 3782), (1867, 550)], [(1907, 550), (1904, 3782), (2009, 3782), (2011, 550)], [(2051, 550), (2049, 3782), (2269, 3785), (2272, 550)], [(2312, 550), (2309, 3785), (2380, 3783), (2387, 551)]]]"
./ICDAR/ICDAR2019_cTDaR/training/TRACKB1/ground_truth\cTDaR_t00891.jpg,./ICDAR/ICDAR_Processed\table_mask\cTDaR_t00891.jpg,./ICDAR/ICDAR_Processed\col_mask\cTDaR_t00891.jpg,3830,2480,1,1,1,"[[(110, 538), (2346, 538), (2346, 3785), (111, 3766)]]","[[[(128, 537), (129, 3768), (298, 3772), (335, 539)], [(375, 539), (338, 3772), (340, 3773), (449, 541)], [(489, 541), (453, 3775), (713, 3776), (1835, 559)], [(1875, 559), (1848, 3782), (1951, 3782), (1976, 561)], [(2016, 561), (1991, 3782), (2212, 3784), (2235, 565)], [(2275, 565), (2252, 3784), (2326, 3785), (2349, 567)]]]"
./ICDAR/ICDAR2019_cTDaR/training/TRACKB1/ground_truth\cTDaR_t00892.jpg,./ICDAR/ICDAR_Processed\table_mask\cTDaR_t00892.jpg,./ICDAR/ICDAR_Processed\col_mask\cTDaR_t00892.jpg,3830,2480,1,1,1,"[[(133, 544), (2406, 544), (2406, 3788), (133, 3788)]]","[[[(156, 542), (153, 3783), (359, 3783), (360, 542)], [(400, 542), (399, 3783), (470, 3783), (473, 542)], [(513, 542), (510, 3783), (1867, 3785), (1868, 543)], [(1908, 543), (1907, 3785), (2012, 3785), (2013, 543)], [(2053, 543), (2052, 3785), (2270, 3786), (2274, 543)], [(2314, 543), (2310, 3786), (2383, 3787), (2386, 544)]]]"
./ICDAR/ICDAR2019_cTDaR/training/TRACKB1/ground_truth\cTDaR_t00893.jpg,./ICDAR/ICDAR_Processed\table_mask\cTDaR_t00893.jpg,./ICDAR/ICDAR_Processed\col_mask\cTDaR_t00893.jpg,3830,2480,1,1,1,"[[(103, 536), (2363, 567), (2350, 3785), (103, 3785)]]","[[[(123, 536), (123, 3765), (301, 3769), (329, 539)], [(369, 539), (341, 3769), (359, 3771), (442, 540)], [(482, 540), (453, 3771), (1811, 3781), (1829, 559)], [(1869, 559), (1851, 3781), (1954, 3782), (1972, 561)], [(2012, 561), (1994, 3782), (2214, 3784), (2230, 565)], [(2270, 565), (2254, 3784), (2330, 3152), (2342, 567)]]]"
./ICDAR/ICDAR2019_cTDaR/training/TRACKB1/ground_truth\cTDaR_t00894.jpg,./ICDAR/ICDAR_Processed\table_mask\cTDaR_t00894.jpg,./ICDAR/ICDAR_Processed\col_mask\cTDaR_t00894.jpg,3830,2480,1,1,1,"[[(135, 533), (2397, 533), (2397, 3782), (135, 3782)]]","[[[(155, 537), (156, 3784), (349, 3783), (360, 537)], [(400, 537), (389, 3783), (465, 3782), (476, 537)], [(516, 537), (505, 3782), (1862, 3784), (1871, 542)], [(1911, 542), (1902, 3784), (2006, 3783), (2015, 542)], [(2055, 542), (2046, 3783), (2266, 3782), (2276, 544)], [(2316, 544), (2306, 3782), (2377, 3782), (2389, 545)]]]"
./ICDAR/ICDAR2019_cTDaR/training/TRACKB1/ground_truth\cTDaR_t00895.jpg,./ICDAR/ICDAR_Processed\table_mask\cTDaR_t00895.jpg,./ICDAR/ICDAR_Processed\col_mask\cTDaR_t00895.jpg,3830,2480,1,1,1,"[[(107, 537), (2366, 566), (2341, 3784), (107, 3784)]]","[[[(127, 537), (126, 3766), (296, 3767), (330, 540)], [(370, 540), (336, 3767), (409, 3767), (445, 541)], [(485, 541), (449, 3767), (1803, 3779), (1831, 559)], [(1871, 559), (1843, 3779), (1946, 3780), (1976, 561)], [(2016, 561), (1986, 3780), (2207, 3782), (2232, 565)], [(2272, 565), (2247, 3782), (2321, 3784), (2347, 567)]]]"
./ICDAR/ICDAR2019_cTDaR/training/TRACKB1/ground_truth\cTDaR_t00896.jpg,./ICDAR/ICDAR_Processed\table_mask\cTDaR_t00896.jpg,./ICDAR/ICDAR_Processed\col_mask\cTDaR_t00896.jpg,3830,2480,1,1,1,"[[(135, 548), (2406, 548), (2406, 3787), (135, 3787)]]","[[[(155, 547), (155, 3786), (362, 3786), (357, 547)], [(397, 547), (402, 3786), (475, 3786), (470, 547)], [(510, 547), (515, 3786), (1871, 3787), (1867, 549)], [(1907, 549), (1911, 3787), (2014, 3787), (2011, 549)], [(2051, 549), (2054, 3787), (2274, 3787), (2272, 549)], [(2312, 549), (2314, 3787), (2385, 3788), (2388, 550)]]]"
./ICDAR/ICDAR2019_cTDaR/training/TRACKB1/ground_truth\cTDaR_t00897.jpg,./ICDAR/ICDAR_Processed\table_mask\cTDaR_t00897.jpg,./ICDAR/ICDAR_Processed\col_mask\cTDaR_t00897.jpg,3830,2480,1,1,1,"[[(103, 537), (2341, 537), (2341, 3788), (103, 3788)]]","[[[(124, 538), (123, 3767), (300, 3770), (327, 540)], [(367, 540), (340, 3770), (414, 3772), (441, 541)], [(481, 541), (454, 3772), (564, 3775), (1829, 557)], [(1869, 557), (1844, 3782), (1946, 3782), (1970, 558)], [(2010, 558), (1986, 3782), (2208, 3784), (2228, 561)], [(2268, 561), (2248, 3784), (2320, 3785), (2343, 563)]]]"
./ICDAR/ICDAR2019_cTDaR/training/TRACKB1/ground_truth\cTDaR_t00898.jpg,./ICDAR/ICDAR_Processed\table_mask\cTDaR_t00898.jpg,./ICDAR/ICDAR_Processed\col_mask\cTDaR_t00898.jpg,3830,2480,1,1,1,"[[(140, 541), (2406, 541), (2406, 3789), (140, 3789)]]","[[[(160, 541), (160, 3789), (362, 3789), (366, 542)], [(406, 542), (402, 3789), (474, 3789), (480, 542)], [(520, 542), (514, 3789), (1871, 3791), (1875, 548)], [(1915, 548), (1911, 3791), (1926, 3792), (2021, 548)], [(2061, 548), (2055, 3791), (2274, 3789), (2281, 550)], [(2321, 550), (2314, 3789), (2386, 3789), (2396, 551)]]]"
./ICDAR/ICDAR2019_cTDaR/training/TRACKB1/ground_truth\cTDaR_t00899.jpg,./ICDAR/ICDAR_Processed\table_mask\cTDaR_t00899.jpg,./ICDAR/ICDAR_Processed\col_mask\cTDaR_t00899.jpg,3830,2480,1,1,1,"[[(99, 544), (2361, 574), (2334, 3786), (99, 3786)]]","[[[(119, 544), (119, 3766), (292, 3769), (325, 546)], [(365, 546), (332, 3769), (351, 3771), (439, 547)], [(479, 547), (446, 3771), (1797, 3781), (1825, 565)], [(1865, 565), (1837, 3781), (1940, 3782), (1967, 567)], [(2007, 567), (1980, 3782), (2201, 3784), (2227, 571)], [(2267, 571), (2241, 3784), (2314, 3786), (2341, 574)]]]"
./ICDAR/ICDAR2019_cTDaR/training/TRACKB1/ground_truth\cTDaR_t00900.jpg,./ICDAR/ICDAR_Processed\table_mask\cTDaR_t00900.jpg,./ICDAR/ICDAR_Processed\col_mask\cTDaR_t00900.jpg,3830,2480,1,1,1,"[[(144, 549), (2413, 549), (2413, 3792), (144, 3792)]]","[[[(167, 550), (164, 3790), (370, 3790), (370, 550)], [(410, 550), (410, 3790), (483, 3790), (485, 550)], [(525, 550), (523, 3790), (1810, 3794), (1881, 555)], [(1921, 555), (1920, 3793), (2023, 3792), (2025, 555)], [(2065, 555), (2063, 3792), (2282, 3790), (2285, 556)], [(2325, 556), (2322, 3790), (2396, 3790), (2400, 557)]]]"
./ICDAR/ICDAR2019_cTDaR/training/TRACKB1/ground_truth\cTDaR_t00901.jpg,./ICDAR/ICDAR_Processed\table_mask\cTDaR_t00901.jpg,./ICDAR/ICDAR_Processed\col_mask\cTDaR_t00901.jpg,3830,2480,1,1,1,"[[(98, 539), (2360, 571), (2329, 3790), (98, 3767)]]","[[[(120, 540), (118, 3767), (286, 3769), (323, 543)], [(363, 543), (326, 3769), (400, 3770), (436, 544)], [(476, 544), (440, 3770), (1789, 3784), (1825, 564)], [(1865, 564), (1829, 3784), (1935, 3785), (1967, 566)], [(2007, 566), (1975, 3785), (2194, 3788), (2227, 570)], [(2267, 570), (2234, 3788), (2309, 3790), (2339, 572)]]]"
./ICDAR/ICDAR2019_cTDaR/training/TRACKB1/ground_truth\cTDaR_t00902.jpg,./ICDAR/ICDAR_Processed\table_mask\cTDaR_t00902.jpg,./ICDAR/ICDAR_Processed\col_mask\cTDaR_t00902.jpg,3830,2480,1,1,1,"[[(145, 549), (2417, 549), (2417, 3787), (145, 3787)]]","[[[(165, 549), (164, 3792), (376, 3792), (370, 549)], [(410, 549), (416, 3792), (489, 3792), (484, 549)], [(524, 549), (529, 3792), (1884, 3792), (1881, 552)], [(1921, 552), (1924, 3792), (2028, 3792), (2024, 552)], [(2064, 552), (2068, 3792), (2069, 3792), (2285, 553)], [(2325, 553), (2326, 3790), (2399, 3790), (2400, 554)]]]"
./ICDAR/ICDAR2019_cTDaR/training/TRACKB1/ground_truth\cTDaR_t00903.jpg,./ICDAR/ICDAR_Processed\table_mask\cTDaR_t00903.jpg,./ICDAR/ICDAR_Processed\col_mask\cTDaR_t00903.jpg,3830,2480,1,1,1,"[[(90, 552), (2353, 574), (2329, 3809), (90, 3809)]]","[[[(110, 552), (111, 3782), (281, 3785), (314, 554)], [(354, 554), (321, 3785), (394, 3787), (429, 555)], [(469, 555), (434, 3787), (534, 3790), (1817, 570)], [(1857, 570), (1830, 3803), (1933, 3804), (1959, 571)], [(1999, 571), (1973, 3804), (2194, 3807), (2221, 574)], [(2261, 574), (2234, 3807), (2309, 3809), (2333, 576)]]]"
./ICDAR/ICDAR2019_cTDaR/training/TRACKB1/ground_truth\cTDaR_t00904.jpg,./ICDAR/ICDAR_Processed\table_mask\cTDaR_t00904.jpg,./ICDAR/ICDAR_Processed\col_mask\cTDaR_t00904.jpg,3830,2480,1,1,1,"[[(144, 548), (2420, 561), (2409, 3793), (144, 3793)]]","[[[(164, 548), (164, 3793), (362, 3793), (372, 549)], [(412, 549), (402, 3793), (476, 3793), (485, 549)], [(525, 549), (516, 3793), (1657, 3796), (1881, 557)], [(1921, 557), (1913, 3795), (2016, 3795), (2025, 557)], [(2065, 557), (2056, 3795), (2167, 3795), (2286, 559)], [(2326, 559), (2316, 3794), (2389, 3793), (2401, 560)]]]"
./ICDAR/ICDAR2019_cTDaR/training/TRACKB1/ground_truth\cTDaR_t00905.jpg,./ICDAR/ICDAR_Processed\table_mask\cTDaR_t00905.jpg,./ICDAR/ICDAR_Processed\col_mask\cTDaR_t00905.jpg,3830,2480,1,1,1,"[[(88, 560), (2350, 587), (2322, 3806), (87, 3781)]]","[[[(108, 560), (107, 3780), (274, 3783), (314, 562)], [(354, 562), (314, 3783), (390, 3785), (428, 563)], [(468, 563), (430, 3785), (1151, 3792), (1816, 580)], [(1856, 580), (1822, 3799), (1860, 3800), (1957, 581)], [(1997, 581), (1965, 3800), (2186, 3804), (2216, 585)], [(2256, 585), (2226, 3804), (2302, 3806), (2330, 587)]]]"
./ICDAR/ICDAR2019_cTDaR/training/TRACKB1/ground_truth\cTDaR_t00906.jpg,./ICDAR/ICDAR_Processed\table_mask\cTDaR_t00906.jpg,./ICDAR/ICDAR_Processed\col_mask\cTDaR_t00906.jpg,3830,2480,1,1,1,"[[(156, 547), (2435, 564), (2424, 3796), (156, 3796)]]","[[[(177, 549), (176, 3796), (378, 3796), (384, 550)], [(424, 550), (418, 3796), (489, 3796), (497, 550)], [(537, 550), (529, 3796), (1888, 3796), (1894, 560)], [(1934, 560), (1928, 3796), (2032, 3796), (2038, 561)], [(2078, 561), (2072, 3796), (2292, 3796), (2302, 563)], [(2342, 563), (2332, 3796), (2405, 3797), (2415, 565)]]]"
./ICDAR/ICDAR2019_cTDaR/training/TRACKB1/ground_truth\cTDaR_t00907.jpg,./ICDAR/ICDAR_Processed\table_mask\cTDaR_t00907.jpg,./ICDAR/ICDAR_Processed\col_mask\cTDaR_t00907.jpg,3830,2480,1,1,1,"[[(95, 558), (2334, 558), (2334, 3810), (95, 3810)]]","[[[(115, 558), (118, 3780), (283, 3782), (318, 560)], [(358, 560), (334, 3046), (283, 3782), (431, 561)], [(471, 561), (438, 3783), (1795, 3802), (1818, 576)], [(1858, 576), (1835, 3802), (1938, 3804), (1960, 577)], [(2000, 577), (1978, 3804), (2200, 3808), (2220, 580)], [(2260, 580), (2240, 3808), (2314, 3810), (2335, 582)]]]"
./ICDAR/ICDAR2019_cTDaR/training/TRACKB1/ground_truth\cTDaR_t00908.jpg,./ICDAR/ICDAR_Processed\table_mask\cTDaR_t00908.jpg,./ICDAR/ICDAR_Processed\col_mask\cTDaR_t00908.jpg,3830,2480,1,1,1,"[[(146, 560), (2422, 574), (2408, 3807), (146, 3807)]]","[[[(413, 564), (405, 3800), (479, 3800), (485, 1013)], [(527, 564), (519, 3800), (1875, 3804), (1881, 1013)], [(1922, 570), (1915, 3804), (1942, 3805), (2025, 1013)], [(2067, 570), (2059, 3804), (2279, 3807), (2287, 1013)], [(2329, 572), (2319, 3807), (2389, 3802), (2401, 1013)]]]"
./ICDAR/ICDAR2019_cTDaR/training/TRACKB1/ground_truth\cTDaR_t00909.jpg,./ICDAR/ICDAR_Processed\table_mask\cTDaR_t00909.jpg,./ICDAR/ICDAR_Processed\col_mask\cTDaR_t00909.jpg,3830,2480,1,1,1,"[[(111, 557), (2365, 587), (2346, 3809), (112, 3782)]]","[[[(132, 558), (132, 3782), (294, 3784), (328, 560)], [(368, 560), (334, 3784), (408, 3785), (442, 561)], [(482, 561), (448, 3785), (1806, 3802), (1829, 578)], [(1869, 578), (1846, 3802), (1949, 3803), (1971, 579)], [(2011, 579), (1989, 3803), (2210, 3807), (2230, 583)], [(2270, 583), (2250, 3807), (2324, 3809), (2345, 585)]]]"
./ICDAR/ICDAR2019_cTDaR/training/TRACKB1/ground_truth\cTDaR_t00910.jpg,./ICDAR/ICDAR_Processed\table_mask\cTDaR_t00910.jpg,./ICDAR/ICDAR_Processed\col_mask\cTDaR_t00910.jpg,3830,2480,1,1,1,"[[(141, 560), (2408, 560), (2408, 3682), (141, 3682)]]","[[[(161, 824), (161, 3682), (361, 3679), (368, 826)], [(408, 826), (401, 3679), (474, 3679), (481, 826)], [(521, 826), (514, 3679), (1869, 3680), (1876, 825)], [(1916, 825), (1909, 3680), (2013, 3680), (2024, 825)], [(2064, 825), (2053, 3680), (2271, 3679), (2287, 826)], [(2327, 826), (2311, 3679), (2385, 3678), (2397, 826)]]]"
./ICDAR/ICDAR2019_cTDaR/training/TRACKB1/ground_truth\cTDaR_t00911.jpg,./ICDAR/ICDAR_Processed\table_mask\cTDaR_t00911.jpg,./ICDAR/ICDAR_Processed\col_mask\cTDaR_t00911.jpg,3830,2480,1,1,1,"[[(127, 558), (2329, 558), (2329, 3798), (127, 3798)]]","[[[(147, 558), (137, 3775), (286, 3776), (326, 565)], [(366, 565), (326, 3776), (401, 3777), (437, 566)], [(477, 566), (441, 3777), (1799, 3792), (1317, 948)], [(1866, 583), (1839, 3792), (1943, 3793), (1968, 588)], [(2008, 588), (1983, 3793), (2202, 3796), (2227, 592)], [(2267, 592), (2242, 3796), (2315, 3798), (2339, 593)]]]"
./ICDAR/ICDAR2019_cTDaR/training/TRACKB1/ground_truth\cTDaR_t00912.jpg,./ICDAR/ICDAR_Processed\table_mask\cTDaR_t00912.jpg,./ICDAR/ICDAR_Processed\col_mask\cTDaR_t00912.jpg,3830,2480,1,1,1,"[[(145, 564), (2412, 564), (2412, 3787), (145, 3787)]]","[[[(166, 568), (147, 3787), (368, 3790), (374, 568)], [(414, 568), (408, 3790), (482, 3790), (488, 568)], [(528, 568), (522, 3790), (1879, 3788), (1885, 571)], [(1925, 571), (1919, 3788), (2023, 3786), (2030, 571)], [(2070, 571), (2063, 3786), (2285, 3786), (2292, 572)], [(2332, 572), (2325, 3786), (2392, 3787), (2403, 573)]]]"
./ICDAR/ICDAR2019_cTDaR/training/TRACKB1/ground_truth\cTDaR_t00913.jpg,./ICDAR/ICDAR_Processed\table_mask\cTDaR_t00913.jpg,./ICDAR/ICDAR_Processed\col_mask\cTDaR_t00913.jpg,3830,2480,1,1,1,"[[(164, 567), (2345, 567), (2345, 3760), (164, 3760)]]","[[[(184, 567), (184, 3760), (298, 3760), (329, 568)], [(369, 568), (338, 3760), (410, 3760), (443, 569)], [(483, 569), (450, 3760), (1810, 3765), (1828, 583)], [(1868, 583), (1850, 3765), (1953, 3768), (1972, 583)], [(2012, 583), (1993, 3768), (2213, 3760), (2231, 586)], [(2271, 586), (2253, 3760), (2325, 3760), (2345, 588)]]]"
./ICDAR/ICDAR2019_cTDaR/training/TRACKB1/ground_truth\cTDaR_t00914.jpg,./ICDAR/ICDAR_Processed\table_mask\cTDaR_t00914.jpg,./ICDAR/ICDAR_Processed\col_mask\cTDaR_t00914.jpg,3830,2480,1,1,1,"[[(134, 563), (2402, 563), (2402, 3803), (134, 3803)]]","[[[(156, 567), (154, 3803), (359, 3803), (369, 567)], [(409, 567), (399, 3803), (471, 3803), (481, 568)], [(521, 568), (511, 3803), (1867, 3803), (1878, 573)], [(1918, 573), (1907, 3803), (2009, 3803), (2021, 574)], [(2061, 574), (2049, 3803), (2272, 3803), (2285, 576)], [(2325, 576), (2312, 3803), (2382, 3803), (2397, 577)]]]"
./ICDAR/ICDAR2019_cTDaR/training/TRACKB1/ground_truth\cTDaR_t00915.jpg,./ICDAR/ICDAR_Processed\table_mask\cTDaR_t00915.jpg,./ICDAR/ICDAR_Processed\col_mask\cTDaR_t00915.jpg,3830,2480,1,1,1,"[[(102, 567), (2342, 567), (2342, 3785), (102, 3785)]]","[[[(122, 567), (122, 3785), (297, 3781), (328, 569)], [(368, 569), (337, 3781), (411, 3780), (440, 570)], [(480, 570), (451, 3780), (1811, 3786), (1827, 586)], [(1867, 586), (1851, 3786), (1953, 3784), (1970, 587)], [(2010, 587), (1993, 3784), (2212, 3784), (2229, 590)], [(2269, 590), (2252, 3784), (2327, 3785), (2341, 592)]]]"
./ICDAR/ICDAR2019_cTDaR/training/TRACKB1/ground_truth\cTDaR_t00916.jpg,./ICDAR/ICDAR_Processed\table_mask\cTDaR_t00916.jpg,./ICDAR/ICDAR_Processed\col_mask\cTDaR_t00916.jpg,3830,2480,1,1,1,"[[(143, 561), (2410, 561), (2410, 3313), (143, 3313)]]","[[[(168, 570), (163, 3313), (361, 3313), (372, 571)], [(412, 571), (401, 3313), (473, 3313), (484, 571)], [(524, 571), (513, 3313), (1868, 3314), (1880, 577)], [(1920, 577), (1908, 3314), (2011, 3314), (2025, 577)], [(2065, 577), (2051, 3314), (2274, 3314), (2288, 579)], [(2328, 579), (2314, 3314), (2383, 3313), (2399, 580)]]]"
./ICDAR/ICDAR2019_cTDaR/training/TRACKB1/ground_truth\cTDaR_t00917.jpg,./ICDAR/ICDAR_Processed\table_mask\cTDaR_t00917.jpg,./ICDAR/ICDAR_Processed\col_mask\cTDaR_t00917.jpg,3830,2480,1,1,1,"[[(117, 567), (2353, 567), (2353, 3645), (117, 3645)]]","[[[(137, 567), (137, 3645), (304, 3644), (334, 569)], [(374, 569), (344, 3644), (416, 3644), (450, 570)], [(490, 570), (456, 3644), (1814, 3642), (1835, 587)], [(1875, 587), (1854, 3642), (1955, 3644), (1980, 588)], [(2020, 588), (1995, 3644), (2214, 3644), (2239, 592)], [(2279, 592), (2254, 3644), (2333, 3645), (2352, 594)]]]"
./ICDAR/ICDAR2019_cTDaR/training/TRACKB1/ground_truth\cTDaR_t00918.jpg,./ICDAR/ICDAR_Processed\table_mask\cTDaR_t00918.jpg,./ICDAR/ICDAR_Processed\col_mask\cTDaR_t00918.jpg,3830,2480,1,1,1,"[[(134, 574), (2401, 574), (2401, 3565), (134, 3565)]]","[[[(154, 574), (154, 3565), (359, 3564), (359, 574)], [(399, 574), (399, 3564), (475, 3564), (475, 575)], [(515, 575), (515, 3564), (1863, 3565), (1869, 580)], [(1909, 580), (1903, 3565), (2008, 3565), (2014, 581)], [(2054, 581), (2048, 3565), (2268, 3563), (2278, 582)], [(2318, 582), (2308, 3563), (2377, 3564), (2393, 583)]]]"
./ICDAR/ICDAR2019_cTDaR/training/TRACKB1/ground_truth\cTDaR_t00919.jpg,./ICDAR/ICDAR_Processed\table_mask\cTDaR_t00919.jpg,./ICDAR/ICDAR_Processed\col_mask\cTDaR_t00919.jpg,3830,2480,1,1,1,"[[(119, 565), (2333, 565), (2333, 3733), (119, 3733)]]","[[[(139, 565), (139, 3733), (288, 3732), (322, 566)], [(362, 566), (328, 3732), (402, 3732), (436, 568)], [(476, 568), (442, 3732), (1570, 3734), (1794, 584)], [(1834, 584), (1610, 3734), (1797, 3735), (1819, 822)], [(1863, 585), (1837, 3735), (1938, 3735), (1964, 587)], [(2004, 587), (1978, 3735), (2199, 3733), (2225, 591)], [(2265, 591), (2239, 3733), (2313, 3733), (2336, 593)]]]"
./ICDAR/ICDAR2019_cTDaR/training/TRACKB1/ground_truth\cTDaR_t00920.jpg,./ICDAR/ICDAR_Processed\table_mask\cTDaR_t00920.jpg,./ICDAR/ICDAR_Processed\col_mask\cTDaR_t00920.jpg,3830,2480,1,1,1,"[[(149, 571), (2409, 571), (2409, 3746), (149, 3746)]]","[[[(169, 571), (169, 3746), (371, 3746), (376, 571)], [(416, 571), (411, 3746), (481, 3747), (490, 575)], [(530, 575), (521, 3747), (1271, 3746), (1868, 580)], [(1908, 580), (1311, 3746), (1876, 3747), (1887, 735)], [(1927, 581), (1916, 3747), (2020, 3747), (2033, 583)], [(2073, 583), (2060, 3747), (2279, 3747), (2293, 584)], [(2333, 584), (2319, 3747), (2389, 3746), (2407, 583)]]]"
./ICDAR/ICDAR2019_cTDaR/training/TRACKB1/ground_truth\cTDaR_t00921.jpg,./ICDAR/ICDAR_Processed\table_mask\cTDaR_t00921.jpg,./ICDAR/ICDAR_Processed\col_mask\cTDaR_t00921.jpg,3830,2480,1,1,1,"[[(104, 564), (2335, 564), (2335, 3719), (104, 3719)]]","[[[(124, 564), (124, 3712), (290, 3714), (328, 567)], [(368, 567), (330, 3714), (403, 3714), (441, 568)], [(481, 568), (443, 3714), (1797, 3720), (1828, 586)], [(1868, 586), (1837, 3720), (1941, 3718), (1971, 587)], [(2011, 587), (1981, 3718), (2200, 3718), (2229, 591)], [(2269, 591), (2240, 3718), (2315, 3719), (2344, 593)]]]"
./ICDAR/ICDAR2019_cTDaR/training/TRACKB1/ground_truth\cTDaR_t00922.jpg,./ICDAR/ICDAR_Processed\table_mask\cTDaR_t00922.jpg,./ICDAR/ICDAR_Processed\col_mask\cTDaR_t00922.jpg,3830,2480,1,1,1,"[[(140, 574), (2416, 574), (2416, 3502), (140, 3502)]]","[[[(168, 578), (160, 3502), (371, 3501), (371, 579)], [(411, 579), (411, 3501), (481, 3501), (485, 579)], [(525, 579), (521, 3501), (1593, 3506), (1818, 586)], [(1858, 586), (1633, 3506), (1875, 3500), (1879, 834)], [(1924, 586), (1915, 3500), (2019, 3501), (2027, 587)], [(2067, 587), (2059, 3501), (2279, 3501), (2288, 587)], [(2328, 587), (2319, 3501), (2392, 3501), (2403, 590)]]]"
./ICDAR/ICDAR2019_cTDaR/training/TRACKB1/ground_truth\cTDaR_t00923.jpg,./ICDAR/ICDAR_Processed\table_mask\cTDaR_t00923.jpg,./ICDAR/ICDAR_Processed\col_mask\cTDaR_t00923.jpg,3830,2480,1,1,1,"[[(94, 564), (2329, 564), (2329, 3130), (94, 3130)]]","[[[(121, 566), (114, 3130), (294, 3130), (320, 567)], [(360, 567), (334, 3130), (406, 3130), (435, 569)], [(475, 569), (446, 3130), (1798, 2939), (1822, 586)], [(1862, 586), (1837, 3130), (1938, 3130), (1963, 588)], [(2003, 588), (1978, 3130), (2200, 3131), (2224, 591)], [(2264, 591), (2240, 3131), (2311, 3132), (2334, 593)]]]"
./ICDAR/ICDAR2019_cTDaR/training/TRACKB1/ground_truth\cTDaR_t00924.jpg,./ICDAR/ICDAR_Processed\table_mask\cTDaR_t00924.jpg,./ICDAR/ICDAR_Processed\col_mask\cTDaR_t00924.jpg,3830,2480,1,1,1,"[[(145, 576), (2417, 576), (2417, 3036), (145, 3036)]]","[[[(169, 575), (165, 3036), (375, 3036), (375, 578)], [(415, 578), (415, 3036), (487, 3036), (491, 581)], [(531, 581), (527, 3036), (1881, 3036), (1884, 583)], [(1924, 583), (1921, 3036), (2026, 3036), (2032, 581)], [(2072, 581), (2066, 3036), (2284, 3036), (2292, 584)], [(2332, 584), (2324, 3036), (2397, 3036), (2407, 584)]]]"
./ICDAR/ICDAR2019_cTDaR/training/TRACKB1/ground_truth\cTDaR_t00925.jpg,./ICDAR/ICDAR_Processed\table_mask\cTDaR_t00925.jpg,./ICDAR/ICDAR_Processed\col_mask\cTDaR_t00925.jpg,3830,2480,1,1,1,"[[(96, 565), (2342, 565), (2342, 3315), (96, 3315)]]","[[[(122, 570), (116, 3315), (295, 3316), (323, 572)], [(363, 572), (335, 3316), (408, 3316), (439, 573)], [(479, 573), (448, 3316), (1560, 3316), (1560, 584)], [(1600, 584), (1600, 3316), (1797, 3317), (1823, 743)], [(1865, 586), (1837, 3317), (1941, 3318), (1968, 591)], [(2008, 591), (1981, 3318), (2201, 3318), (2227, 594)], [(2267, 594), (2241, 3318), (2316, 3316), (2339, 596)]]]"
./ICDAR/ICDAR2019_cTDaR/training/TRACKB1/ground_truth\cTDaR_t00926.jpg,./ICDAR/ICDAR_Processed\table_mask\cTDaR_t00926.jpg,./ICDAR/ICDAR_Processed\col_mask\cTDaR_t00926.jpg,3830,2480,1,1,1,"[[(145, 574), (2412, 574), (2412, 3501), (145, 3501)]]","[[[(166, 575), (165, 3501), (370, 3502), (375, 577)], [(415, 577), (410, 3502), (482, 3501), (489, 576)], [(529, 576), (522, 3501), (1876, 3502), (1884, 580)], [(1924, 580), (1916, 3502), (2020, 3501), (2031, 580)], [(2071, 580), (2060, 3501), (2280, 3501), (2291, 581)], [(2331, 581), (2320, 3501), (2392, 3501), (2404, 582)]]]"
./ICDAR/ICDAR2019_cTDaR/training/TRACKB1/ground_truth\cTDaR_t00927.jpg,./ICDAR/ICDAR_Processed\table_mask\cTDaR_t00927.jpg,./ICDAR/ICDAR_Processed\col_mask\cTDaR_t00927.jpg,3830,2480,1,1,1,"[[(92, 569), (2323, 569), (2323, 3750), (92, 3750)]]","[[[(112, 569), (111, 3745), (278, 3747), (318, 572)], [(358, 572), (318, 3747), (391, 3748), (432, 573)], [(472, 573), (431, 3748), (1553, 3749), (1725, 590)], [(1765, 590), (1593, 3749), (1783, 3750), (1815, 749)], [(1858, 592), (1823, 3750), (1926, 3750), (1962, 594)], [(2002, 594), (1966, 3750), (2188, 3750), (2220, 598)], [(2260, 598), (2228, 3750), (2303, 3750), (2333, 600)]]]"
./ICDAR/ICDAR2019_cTDaR/training/TRACKB1/ground_truth\cTDaR_t00928.jpg,./ICDAR/ICDAR_Processed\table_mask\cTDaR_t00928.jpg,./ICDAR/ICDAR_Processed\col_mask\cTDaR_t00928.jpg,3830,2480,1,1,1,"[[(156, 587), (2425, 587), (2425, 3512), (156, 3512)]]","[[[(176, 587), (176, 3512), (385, 3511), (386, 587)], [(426, 587), (425, 3511), (495, 3512), (500, 587)], [(540, 587), (535, 3512), (1890, 3511), (1892, 588)], [(1932, 588), (1930, 3511), (2032, 3512), (2037, 588)], [(2077, 588), (2072, 3512), (2295, 3510), (2303, 588)], [(2343, 588), (2335, 3510), (2406, 3511), (2416, 584)]]]"
./ICDAR/ICDAR2019_cTDaR/training/TRACKB1/ground_truth\cTDaR_t00929.jpg,./ICDAR/ICDAR_Processed\table_mask\cTDaR_t00929.jpg,./ICDAR/ICDAR_Processed\col_mask\cTDaR_t00929.jpg,3830,2480,1,1,1,"[[(96, 573), (2322, 573), (2322, 3499), (96, 3499)]]","[[[(116, 573), (116, 3499), (281, 3499), (318, 575)], [(358, 575), (321, 3499), (394, 3499), (431, 577)], [(471, 577), (434, 3499), (1751, 3504), (1783, 593)], [(1823, 593), (1791, 3504), (1789, 3502), (1815, 753)], [(1856, 594), (1829, 3502), (1927, 3504), (1960, 596)], [(2000, 596), (1967, 3504), (2188, 3502), (2218, 600)], [(2258, 600), (2228, 3502), (2302, 3499), (2332, 602)]]]"
./ICDAR/ICDAR2019_cTDaR/training/TRACKB1/ground_truth\cTDaR_t00930.jpg,./ICDAR/ICDAR_Processed\table_mask\cTDaR_t00930.jpg,./ICDAR/ICDAR_Processed\col_mask\cTDaR_t00930.jpg,3830,2480,1,1,1,"[[(161, 585), (2458, 585), (2458, 3416), (161, 3416)]]","[[[(185, 590), (181, 3416), (393, 3416), (393, 591)], [(433, 591), (433, 3416), (504, 3416), (504, 589)], [(544, 589), (544, 3416), (1896, 3416), (1900, 588)], [(1940, 588), (1936, 3416), (2041, 3416), (2046, 587)], [(2086, 587), (2081, 3416), (2301, 3416), (2309, 588)], [(2349, 588), (2341, 3416), (2426, 3416), (2420, 588)]]]"
